{"IcoMoonType":"selection","icons":[{"icon":{"paths":["M64 192h896v192h-896zM64 448h896v192h-896zM64 704h896v192h-896z"],"tags":["menu","list","options","lines","hamburger"],"defaultCode":59837,"grid":16,"attrs":[]},"attrs":[],"properties":{"ligatures":"menu, list3","name":"menu","order":2,"id":190,"prevSize":32,"code":59837},"setIdx":0,"setId":1,"iconIdx":189},{"icon":{"paths":["M448 304c0-26.4 21.6-48 48-48h32c26.4 0 48 21.6 48 48v32c0 26.4-21.6 48-48 48h-32c-26.4 0-48-21.6-48-48v-32z","M640 768h-256v-64h64v-192h-64v-64h192v256h64z","M512 0c-282.77 0-512 229.23-512 512s229.23 512 512 512 512-229.23 512-512-229.23-512-512-512zM512 928c-229.75 0-416-186.25-416-416s186.25-416 416-416 416 186.25 416 416-186.25 416-416 416z"],"tags":["info","information"],"defaultCode":59916,"grid":16,"attrs":[]},"attrs":[],"properties":{"ligatures":"info, information","name":"info","order":4,"id":269,"prevSize":32,"code":59916},"setIdx":0,"setId":1,"iconIdx":268},{"icon":{"paths":["M402.746 877.254l-320-320c-24.994-24.992-24.994-65.516 0-90.51l320-320c24.994-24.992 65.516-24.992 90.51 0 24.994 24.994 24.994 65.516 0 90.51l-210.746 210.746h613.49c35.346 0 64 28.654 64 64s-28.654 64-64 64h-613.49l210.746 210.746c12.496 12.496 18.744 28.876 18.744 45.254s-6.248 32.758-18.744 45.254c-24.994 24.994-65.516 24.994-90.51 0z"],"tags":["arrow-left","left","previous"],"defaultCode":59968,"grid":16,"attrs":[]},"attrs":[],"properties":{"ligatures":"arrow-left2, left4","name":"arrow-left2","order":3,"id":321,"prevSize":32,"code":59968},"setIdx":0,"setId":1,"iconIdx":320},{"icon":{"paths":["M1024 512c0-282.77-229.23-512-512-512s-512 229.23-512 512 229.23 512 512 512 512-229.23 512-512zM96 512c0-229.75 186.25-416 416-416s416 186.25 416 416-186.25 416-416 416-416-186.25-416-416z","M317.256 354.744l-90.512 90.512 285.256 285.254 285.254-285.256-90.508-90.508-194.746 194.744z"],"tags":["circle-down","down","circle-bottom","arrow"],"defaultCode":59971,"grid":16,"attrs":[]},"attrs":[],"properties":{"ligatures":"circle-down, down3","name":"circle-down","order":6,"id":324,"prevSize":32,"code":59971},"setIdx":0,"setId":1,"iconIdx":323}],"height":1024,"metadata":{"name":"icomoon"},"preferences":{"showGlyphs":true,"showQuickUse":true,"showQuickUse2":true,"showSVGs":true,"fontPref":{"prefix":"icon-","metadata":{"fontFamily":"icomoon"},"metrics":{"emSize":1024,"baseline":6.25,"whitespace":50},"embed":false},"imagePref":{"prefix":"icon-","png":true,"useClassSelector":true,"color":0,"bgColor":16777215,"classSelector":".icon","name":"icomoon"},"historySize":50,"showCodes":true,"gridSize":16}}